[
  {
    "id": "8daeeebf-14a8-4f43-8d6b-bed07405b153",
    "data": [
      {
        "text": "wepale",
        "userDefined": false
      }
    ],
    "isTemplate": false,
    "count": 0,
    "updated": 0
  },
  {
    "id": "98b3dc8e-b11f-4a4a-820c-3e1c457af4f7",
    "data": [
      {
        "text": "que tranza",
        "userDefined": false
      }
    ],
    "isTemplate": false,
    "count": 0,
    "updated": 0
  },
  {
    "id": "c52195fb-eb69-421c-9b36-9606f829e4b3",
    "data": [
      {
        "text": "que onda",
        "userDefined": false
      }
    ],
    "isTemplate": false,
    "count": 0,
    "updated": 0
  },
  {
    "id": "85c1e97c-b29a-4696-9b8d-22bd44c68d44",
    "data": [
      {
        "text": "hola",
        "userDefined": false
      }
    ],
    "isTemplate": false,
    "count": 0,
    "updated": 0
  },
  {
    "id": "a2848e44-08b7-4ae9-9315-cb5601399c0d",
    "data": [
      {
        "text": "hey",
        "userDefined": false
      }
    ],
    "isTemplate": false,
    "count": 0,
    "updated": 0
  },
  {
    "id": "b32e4f56-599a-449b-b37b-a315cfe539da",
    "data": [
      {
        "text": "saludos",
        "userDefined": false
      }
    ],
    "isTemplate": false,
    "count": 0,
    "updated": 0
  },
  {
    "id": "88b683e5-5c24-46ce-aa45-d4e7946a2f1f",
    "data": [
      {
        "text": "hey ho",
        "userDefined": false
      }
    ],
    "isTemplate": false,
    "count": 0,
    "updated": 0
  },
  {
    "id": "2dd92e43-ae22-44b8-b7c1-4822e35fe68e",
    "data": [
      {
        "text": "chao",
        "userDefined": false
      }
    ],
    "isTemplate": false,
    "count": 0,
    "updated": 0
  }
]