[
  {
    "id": "e8724925-46ec-4572-b4ad-9d636eb01e4c",
    "data": [
      {
        "text": "somos ",
        "userDefined": false
      },
      {
        "text": "10",
        "alias": "number",
        "meta": "@sys.number",
        "userDefined": true
      }
    ],
    "isTemplate": false,
    "count": 0,
    "updated": 0
  },
  {
    "id": "d623d1e2-bcf5-4844-bf67-9f7183eb786e",
    "data": [
      {
        "text": "somos ",
        "userDefined": false
      },
      {
        "text": "8",
        "alias": "number",
        "meta": "@sys.number",
        "userDefined": true
      },
      {
        "text": " jugadores",
        "userDefined": false
      }
    ],
    "isTemplate": false,
    "count": 0,
    "updated": 0
  },
  {
    "id": "8d116add-fdab-4e0a-abab-59c0fe6892b4",
    "data": [
      {
        "text": "juguemos al ",
        "userDefined": false
      },
      {
        "text": "lobo",
        "meta": "@sys.ignore",
        "userDefined": false
      }
    ],
    "isTemplate": false,
    "count": 0,
    "updated": 0
  },
  {
    "id": "ec341646-9e83-4ea6-b294-9ad9fcb1b9ae",
    "data": [
      {
        "text": "Quiero jugar al ",
        "userDefined": false
      },
      {
        "text": "lobo",
        "meta": "@sys.ignore",
        "userDefined": false
      }
    ],
    "isTemplate": false,
    "count": 0,
    "updated": 0
  }
]